seed,corruption,severity,n_observations,mean_brier_advantage,mean_error_advantage
0,gaussian_noise,1,2000,0.026479419264241275,0.031
0,gaussian_noise,2,2000,0.1144647216829112,0.1365
0,gaussian_noise,3,2000,0.22504591698455234,0.2605
0,gaussian_noise,4,2000,0.31085952770817415,0.3625
0,gaussian_noise,5,2000,0.36155617149363545,0.4
0,shot_noise,1,2000,0.015942074971814827,0.0205
0,shot_noise,2,2000,0.0490681300861891,0.061
0,shot_noise,3,2000,0.15701238294620334,0.192
0,shot_noise,4,2000,0.228006973228864,0.2735
0,shot_noise,5,2000,0.3177506104838755,0.363
0,impulse_noise,1,2000,0.011411880201713262,0.013
0,impulse_noise,2,2000,0.053414329702436036,0.0715
0,impulse_noise,3,2000,0.11073392186360116,0.1465
0,impulse_noise,4,2000,0.2032380413468585,0.2515
0,impulse_noise,5,2000,0.3244966659281985,0.374
0,defocus_blur,1,2000,0.0004503271814521284,-0.003
0,defocus_blur,2,2000,0.006707387388163205,0.006
0,defocus_blur,3,2000,0.036273884982524034,0.0445
0,defocus_blur,4,2000,0.08966218969081885,0.118
0,defocus_blur,5,2000,0.21847605928490185,0.2725
0,glass_blur,1,2000,0.08812127688023545,0.0995
0,glass_blur,2,2000,0.1507725162229772,0.1925
0,glass_blur,3,2000,0.15295005634523556,0.1955
0,glass_blur,4,2000,0.22653957010261286,0.2685
0,glass_blur,5,2000,0.20722174667226226,0.245
0,motion_blur,1,2000,0.014358212526673225,0.019
0,motion_blur,2,2000,0.0691696329674338,0.093
0,motion_blur,3,2000,0.12825453057570513,0.169
0,motion_blur,4,2000,0.13839030016530074,0.181
0,motion_blur,5,2000,0.1884054139062,0.2505
0,zoom_blur,1,2000,0.02020650604202749,0.0275
0,zoom_blur,2,2000,0.053562484928619085,0.068
0,zoom_blur,3,2000,0.0890809689257129,0.1165
0,zoom_blur,4,2000,0.1174724896883108,0.1655
0,zoom_blur,5,2000,0.17388033055510815,0.2415
0,snow,1,2000,0.007843605650981883,0.009
0,snow,2,2000,0.04177846790579952,0.056
0,snow,3,2000,0.03647115853446631,0.0475
0,snow,4,2000,0.044451143277483174,0.0485
0,snow,5,2000,0.08442301638399885,0.102
0,frost,1,2000,0.012521377282244152,0.0215
0,frost,2,2000,0.032939077343830815,0.048
0,frost,3,2000,0.07799882393059485,0.097
0,frost,4,2000,0.09030958766908845,0.1165
0,frost,5,2000,0.15947678986347993,0.2005
0,fog,1,2000,0.002213005298264383,0.002
0,fog,2,2000,0.011726607531305605,0.0155
0,fog,3,2000,0.022595233454304073,0.0335
0,fog,4,2000,0.04962293959707361,0.0605
0,fog,5,2000,0.1329193236092902,0.169
0,brightness,1,2000,0.0012190743344953148,-0.0005
0,brightness,2,2000,-0.0002065798021997919,0.0
0,brightness,3,2000,0.005700271026175039,0.0055
0,brightness,4,2000,0.01197852367355856,0.021
0,brightness,5,2000,0.025654428001057886,0.036
0,contrast,1,2000,0.0033126432829759843,0.006
0,contrast,2,2000,0.029819826724138115,0.039
0,contrast,3,2000,0.07511557553339503,0.1015
0,contrast,4,2000,0.18040348781347165,0.2405
0,contrast,5,2000,0.44709420417105,0.5505
0,elastic_transform,1,2000,0.005784780560456692,0.013
0,elastic_transform,2,2000,0.013016712761749335,0.0135
0,elastic_transform,3,2000,0.03571896143744552,0.0425
0,elastic_transform,4,2000,0.04293241984839273,0.0635
0,elastic_transform,5,2000,0.03676289062741744,0.0505
0,pixelate,1,2000,0.005175089294370699,0.0065
0,pixelate,2,2000,0.022886261278187867,0.033
0,pixelate,3,2000,0.04987107259370214,0.0655
0,pixelate,4,2000,0.13666654615206786,0.1715
0,pixelate,5,2000,0.23842376077068178,0.283
0,jpeg_compression,1,2000,0.006484025238102815,0.009
0,jpeg_compression,2,2000,0.009127803387822245,0.011
0,jpeg_compression,3,2000,0.01166896138454722,0.0205
0,jpeg_compression,4,2000,0.01849085944457101,0.019
0,jpeg_compression,5,2000,0.027940383902167482,0.0375
1,gaussian_noise,1,2000,0.026043471514231274,0.028
1,gaussian_noise,2,2000,0.11144385487504635,0.1395
1,gaussian_noise,3,2000,0.22601088182926987,0.271
1,gaussian_noise,4,2000,0.30621442307033386,0.361
1,gaussian_noise,5,2000,0.3514546596102647,0.3995
1,shot_noise,1,2000,0.013575036750000753,0.0145
1,shot_noise,2,2000,0.058847001544074115,0.0795
1,shot_noise,3,2000,0.15945034123105079,0.201
1,shot_noise,4,2000,0.22642773113935155,0.2765
1,shot_noise,5,2000,0.2968928944340923,0.354
1,impulse_noise,1,2000,0.013294064142913871,0.0115
1,impulse_noise,2,2000,0.05633283884393773,0.077
1,impulse_noise,3,2000,0.0863452685965943,0.116
1,impulse_noise,4,2000,0.18568247381365655,0.236
1,impulse_noise,5,2000,0.2600604018574907,0.3175
1,defocus_blur,1,2000,-0.00014799219453138802,-0.0035
1,defocus_blur,2,2000,0.0062774238522479466,0.009
1,defocus_blur,3,2000,0.0382752897277917,0.05
1,defocus_blur,4,2000,0.11474212453458711,0.1475
1,defocus_blur,5,2000,0.23419861891233676,0.298
1,glass_blur,1,2000,0.08512012261761275,0.102
1,glass_blur,2,2000,0.16084762444026984,0.2
1,glass_blur,3,2000,0.14485775324886258,0.1815
1,glass_blur,4,2000,0.23533783399559,0.281
1,glass_blur,5,2000,0.20033098522442966,0.2315
1,motion_blur,1,2000,0.01675261119688933,0.022
1,motion_blur,2,2000,0.07353557022534338,0.0955
1,motion_blur,3,2000,0.12624013237095033,0.1655
1,motion_blur,4,2000,0.13742257785845705,0.1815
1,motion_blur,5,2000,0.19504102541380838,0.2495
1,zoom_blur,1,2000,0.02363891227062527,0.0315
1,zoom_blur,2,2000,0.06195754968244474,0.0855
1,zoom_blur,3,2000,0.109414951514917,0.1435
1,zoom_blur,4,2000,0.14368088054291292,0.183
1,zoom_blur,5,2000,0.2014878448169573,0.2635
1,snow,1,2000,0.005979578298865616,0.006
1,snow,2,2000,0.05040490304249924,0.061
1,snow,3,2000,0.03577166210039223,0.0375
1,snow,4,2000,0.06450943292994675,0.074
1,snow,5,2000,0.10663379979117557,0.128
1,frost,1,2000,0.010024067797731281,0.0125
1,frost,2,2000,0.03546628852306037,0.047
1,frost,3,2000,0.09297358213334164,0.1195
1,frost,4,2000,0.1273220901702827,0.1625
1,frost,5,2000,0.17973028008451852,0.2195
1,fog,1,2000,0.0008050833318495895,0.0
1,fog,2,2000,0.012849024576245259,0.0165
1,fog,3,2000,0.022546984428467403,0.0285
1,fog,4,2000,0.055080484692870274,0.0755
1,fog,5,2000,0.1398957873965385,0.1835
1,brightness,1,2000,3.792924441912188e-05,0.0015
1,brightness,2,2000,3.0601207879537905e-05,-0.0005
1,brightness,3,2000,0.0019652639935826767,0.0005
1,brightness,4,2000,0.007797804905009583,0.0105
1,brightness,5,2000,0.025355681265048148,0.0325
1,contrast,1,2000,0.0026362983616123855,0.0025
1,contrast,2,2000,0.03211337661566225,0.039
1,contrast,3,2000,0.07102253566247753,0.1
1,contrast,4,2000,0.1769845899977816,0.2325
1,contrast,5,2000,0.413174680309391,0.515
1,elastic_transform,1,2000,0.0067699677506760985,0.009
1,elastic_transform,2,2000,0.015380525960682772,0.0235
1,elastic_transform,3,2000,0.038920988018369615,0.0475
1,elastic_transform,4,2000,0.051875338681478554,0.0725
1,elastic_transform,5,2000,0.03196327050619741,0.0435
1,pixelate,1,2000,0.003451576652869976,0.003
1,pixelate,2,2000,0.030747670091539583,0.0435
1,pixelate,3,2000,0.05664504364293545,0.071
1,pixelate,4,2000,0.17703176945261748,0.219
1,pixelate,5,2000,0.2728396311440456,0.324
1,jpeg_compression,1,2000,0.0036122142968722554,0.0085
1,jpeg_compression,2,2000,0.01183699181613022,0.017
1,jpeg_compression,3,2000,0.015172207206236049,0.0175
1,jpeg_compression,4,2000,0.02118478758000427,0.036
1,jpeg_compression,5,2000,0.031544094498892,0.046
2,gaussian_noise,1,2000,0.02637628347990465,0.0345
2,gaussian_noise,2,2000,0.1037828597528416,0.1325
2,gaussian_noise,3,2000,0.21840706743694738,0.2655
2,gaussian_noise,4,2000,0.2945466747881536,0.3435
2,gaussian_noise,5,2000,0.33633679324652804,0.3915
2,shot_noise,1,2000,0.014497735049684352,0.016
2,shot_noise,2,2000,0.060718490348695246,0.084
2,shot_noise,3,2000,0.15953261692176932,0.1965
2,shot_noise,4,2000,0.2284716857279514,0.278
2,shot_noise,5,2000,0.2989578301413457,0.3575
2,impulse_noise,1,2000,0.009294888631868909,0.0155
2,impulse_noise,2,2000,0.045357463605379435,0.0525
2,impulse_noise,3,2000,0.10326730253817855,0.131
2,impulse_noise,4,2000,0.21939241930869713,0.2825
2,impulse_noise,5,2000,0.31528533807625875,0.383
2,defocus_blur,1,2000,0.00038248729970645636,0.001
2,defocus_blur,2,2000,0.0045283996641848154,0.009
2,defocus_blur,3,2000,0.04463640940933834,0.061
2,defocus_blur,4,2000,0.11321110782364201,0.154
2,defocus_blur,5,2000,0.2335006744495556,0.286
2,glass_blur,1,2000,0.06993999087842435,0.089
2,glass_blur,2,2000,0.16594692824491708,0.2075
2,glass_blur,3,2000,0.151758821602873,0.1865
2,glass_blur,4,2000,0.2028653586168005,0.2405
2,glass_blur,5,2000,0.19082281937974738,0.2385
2,motion_blur,1,2000,0.0147827727788336,0.0225
2,motion_blur,2,2000,0.05928177895952988,0.0795
2,motion_blur,3,2000,0.11641792415786381,0.151
2,motion_blur,4,2000,0.14137665629196614,0.192
2,motion_blur,5,2000,0.1894707803181331,0.241
2,zoom_blur,1,2000,0.023323954071228007,0.0345
2,zoom_blur,2,2000,0.057409888383527216,0.0785
2,zoom_blur,3,2000,0.10430630236668055,0.139
2,zoom_blur,4,2000,0.14025309749520035,0.1775
2,zoom_blur,5,2000,0.18867334166697045,0.2415
2,snow,1,2000,0.007863408692604107,0.0105
2,snow,2,2000,0.04639178945996737,0.056
2,snow,3,2000,0.036120056113265415,0.0395
2,snow,4,2000,0.06037036954102138,0.078
2,snow,5,2000,0.09080192439320788,0.115
2,frost,1,2000,0.009919931772289664,0.006
2,frost,2,2000,0.027857442872808804,0.0385
2,frost,3,2000,0.07205693758547,0.0915
2,frost,4,2000,0.09493964547348466,0.1165
2,frost,5,2000,0.14441749761364633,0.1815
2,fog,1,2000,0.0020855040635939437,0.005
2,fog,2,2000,0.011603818415398938,0.0215
2,fog,3,2000,0.02071381745649671,0.0295
2,fog,4,2000,0.05569200912800475,0.0755
2,fog,5,2000,0.12321176432035001,0.159
2,brightness,1,2000,0.0007227124496416912,0.0005
2,brightness,2,2000,0.0010984721043001532,0.0045
2,brightness,3,2000,0.0036276137858717284,0.0015
2,brightness,4,2000,0.01010565309387939,0.016
2,brightness,5,2000,0.022614690356007598,0.034
2,contrast,1,2000,0.00407513114338777,0.005
2,contrast,2,2000,0.028921148172315263,0.036
2,contrast,3,2000,0.09310293727620689,0.1155
2,contrast,4,2000,0.19382994667040987,0.252
2,contrast,5,2000,0.42529110928895086,0.5115
2,elastic_transform,1,2000,0.007881104040505387,0.0125
2,elastic_transform,2,2000,0.01217932723528921,0.0155
2,elastic_transform,3,2000,0.04040261512588505,0.056
2,elastic_transform,4,2000,0.058564109738028225,0.0695
2,elastic_transform,5,2000,0.059043931176068064,0.081
2,pixelate,1,2000,0.002692437083928782,0.002
2,pixelate,2,2000,0.026351918599344153,0.0325
2,pixelate,3,2000,0.05451395109244099,0.0685
2,pixelate,4,2000,0.18136651665648135,0.2215
2,pixelate,5,2000,0.25759153053947126,0.308
2,jpeg_compression,1,2000,0.004422780204901356,0.006
2,jpeg_compression,2,2000,0.01825231927025236,0.022
2,jpeg_compression,3,2000,0.013387994222766375,0.013
2,jpeg_compression,4,2000,0.027049636362616893,0.0355
2,jpeg_compression,5,2000,0.028983346864963868,0.0325
