stream,architecture,seed,n_post_warmup,incumbent_mean_brier,candidate_mean_brier,mean_brier_gap,promotion_time,final_log_evidence
Elec2,8,0,44712,0.4215302976118172,0.2436897983814723,0.17784049923034487,141,4450.536628708978
Elec2,8,1,44712,0.5711307751688423,0.24324404227929067,0.32788673288955156,277,7588.3421921881045
Elec2,8,2,44712,0.40678817290478236,0.24346238825488387,0.16332578464989853,427,4064.2074179995434
Elec2,8,3,44712,0.42241300688235833,0.24356014127157175,0.1788528656107865,122,4449.426094954002
Elec2,8,4,44712,0.422698945613907,0.245025206595144,0.177673739018763,134,4366.976478761722
Elec2,8,5,44712,0.4210388528929953,0.2436097327720254,0.1774291201209699,318,4347.193646354629
Elec2,8,6,44712,0.4089471200383194,0.2437511728177708,0.16519594722054853,159,4172.202972685941
Elec2,8,7,44712,0.42174380766364084,0.2432679840990461,0.17847582356459474,137,4484.359082673539
Elec2,8,8,44712,0.4158222724638752,0.24323478150743155,0.17258749095644363,313,4268.04431446452
Elec2,8,9,44712,0.26944176207517173,0.24405457347251666,0.025387188602655028,381,557.3449039024869
Elec2,8,10,44712,0.42167074589471604,0.24396702292833997,0.17770372296637607,240,4424.115939798884
Elec2,8,11,44712,0.41763136717683796,0.24339317413678832,0.1742381930400497,237,4347.736049599141
Elec2,8,12,44712,0.4207178736840636,0.2434104035087028,0.17730747017536075,374,4359.625319037035
Elec2,8,13,44712,0.5077134194022118,0.24447889961474423,0.26323451978746754,325,5869.740843718177
Elec2,8,14,44712,0.5697491813902363,0.24332093717502104,0.3264282442152153,384,7523.05394068077
Elec2,8,15,44712,0.4219312063865435,0.24351912315479896,0.17841208323174448,162,4511.36574068802
Elec2,8,16,44712,0.391435743759578,0.24402776947297794,0.14740797428660002,399,3213.7717425005703
Elec2,8,17,44712,0.5725348029564205,0.2434883949499358,0.32904640800648455,225,7601.595598283505
Elec2,8,18,44712,0.5690412469207042,0.2439172813628418,0.3251239655578624,252,7453.164750423587
Elec2,8,19,44712,0.403329883422634,0.24436607756000137,0.15896380586263267,347,3986.941729559942
Elec2,16,0,44712,0.4069909758088508,0.24396655121951774,0.16302442458933308,166,4103.030043004568
Elec2,16,1,44712,0.5407793961695169,0.24286605502940453,0.2979133411401124,374,6861.445329040916
Elec2,16,2,44712,0.421184106351336,0.24364132475291642,0.17754278159841955,162,4366.737451702344
Elec2,16,3,44712,0.5344517936330359,0.24358102402857038,0.29087076960446545,353,6636.531549934777
Elec2,16,4,44712,0.4158831717570677,0.24398170377456252,0.1719014679825051,164,4234.060786881808
Elec2,16,5,44712,0.5713243724345789,0.24325726029886569,0.3280671121357132,225,7534.576828943271
Elec2,16,6,44712,0.4212691890186349,0.24320292705432203,0.17806626196431286,161,4325.478612593037
Elec2,16,7,44712,0.4229329052222074,0.24437624752441256,0.17855665769779477,117,4459.706572085481
Elec2,16,8,44712,0.5726174069150075,0.2429447918265459,0.3296726150884616,274,7584.118726659978
Elec2,16,9,44712,0.41635478971684164,0.24328748920331475,0.1730673005135268,359,4235.751582718309
Elec2,16,10,44712,0.4214171699801243,0.24377388815852666,0.17764328182159764,266,4425.429666631561
Elec2,16,11,44712,0.4221513835720501,0.24377955874858187,0.17837182482346825,120,4472.480509568638
Elec2,16,12,44712,0.4153616271059465,0.2427655550206065,0.17259607208533992,342,4212.437628447666
Elec2,16,13,44712,0.42150381082671445,0.2446065533450263,0.1768972574816882,154,4215.115880499553
Elec2,16,14,44712,0.5616063997353373,0.24338556378270124,0.31822083595263606,319,7336.7740766030865
Elec2,16,15,44712,0.41300873361489343,0.2435391462683289,0.1694695873465646,340,4161.907669083224
Elec2,16,16,44712,0.4214595198452503,0.24401382111305303,0.1774456987321973,156,4383.539507600098
Elec2,16,17,44712,0.40891633656755877,0.24354794789174533,0.16536838867581338,287,4016.4377119449505
Elec2,16,18,44712,0.5732084393588984,0.24353823283154763,0.32967020652735085,194,7589.803480571281
Elec2,16,19,44712,0.4209309568250017,0.24366014228229504,0.17727081454270666,187,4394.833448143754
Elec2,16-8,0,44712,0.5686481259405103,0.24324765524770084,0.3254004706928094,418,7558.239099116317
Elec2,16-8,1,44712,0.571754751039029,0.24322760602908192,0.328527145009947,345,7607.588398843922
Elec2,16-8,2,44712,0.5701916052089249,0.24267293083264546,0.32751867437627946,259,7567.615578477914
Elec2,16-8,3,44712,0.5714855160255985,0.24315893542147388,0.32832658060412473,320,7613.7102364259335
Elec2,16-8,4,44712,0.5696145828637833,0.2430248106303568,0.3265897722334265,250,7477.225392883726
Elec2,16-8,5,44712,0.4142463894246782,0.24313870154497588,0.17110768787970232,348,4285.35143440575
Elec2,16-8,6,44712,0.4210009773842236,0.24407906695010173,0.1769219104341218,240,4209.439485038765
Elec2,16-8,7,44712,0.5724442835085164,0.24389185949920483,0.32855242400931156,442,7554.885467001873
Elec2,16-8,8,44712,0.42092308281510127,0.2438365599259942,0.1770865228891071,167,4422.496308765121
Elec2,16-8,9,44712,0.42084532201500874,0.243882453485736,0.17696286852927273,300,4426.891511442943
Elec2,16-8,10,44712,0.4070055701426087,0.2427015691464509,0.16430400099615783,338,4119.818276756519
Elec2,16-8,11,44712,0.5677155877674591,0.24369101021587533,0.3240245775515838,269,7362.742264447908
Elec2,16-8,12,44712,0.420488592684713,0.24408117370809665,0.17640741897661633,355,4327.8065962226865
Elec2,16-8,13,44712,0.5672261074711189,0.24322523369180266,0.32400087377931625,365,7505.55028449527
Elec2,16-8,14,44712,0.5704939268591738,0.24368633781041474,0.32680758904875906,355,7495.125167719131
Elec2,16-8,15,44712,0.5516412062977668,0.24403520351595298,0.30760600278181377,304,7120.875296607737
Elec2,16-8,16,44712,0.4093312314107827,0.24319311876951907,0.16613811264126366,284,4176.10956248895
Elec2,16-8,17,44712,0.5707489893095541,0.24250308135179513,0.3282459079577588,373,7522.292660462287
Elec2,16-8,18,44712,0.5701284002226646,0.24350028213339384,0.32662811808927084,176,7551.176290432404
Elec2,16-8,19,44712,0.5166907976549129,0.24321616784734826,0.27347462980756454,352,6361.573992064662
Phishing,8,0,650,0.21719567673940438,0.1849058338361307,0.03228984290327366,306,17.48464030179657
Phishing,8,1,650,0.21576032409149853,0.17194691462644784,0.04381340946505068,252,23.5833618165315
Phishing,8,2,650,0.248762609523362,0.20500199826925924,0.043760611254102806,255,24.40405486044281
Phishing,8,3,650,0.252041970001758,0.21088191100192272,0.04116005899983524,245,22.743043252006736
Phishing,8,4,650,0.25417841458053325,0.21918680726131032,0.03499160731922287,269,19.13095116665442
Phishing,8,5,650,0.16771002539693922,0.13536690595895665,0.03234311943798258,293,17.344613644693474
Phishing,8,6,650,0.19635195281897938,0.16227008833824944,0.034081864480729925,269,18.301513509291375
Phishing,8,7,650,0.23115561662070483,0.1838616962090329,0.04729392041167189,246,25.7656589877876
Phishing,8,8,650,0.15093666583652657,0.12165113568427688,0.02928553015224968,275,15.269459092922983
Phishing,8,9,650,0.1853403564064472,0.1458140697135037,0.0395262866929435,265,21.446085249883637
Phishing,8,10,650,0.16574332259309568,0.13261388075877487,0.03312944183432081,269,17.690025170665542
Phishing,8,11,650,0.17859627861333488,0.15452983888474,0.024066439728594895,349,12.758928945123875
Phishing,8,12,650,0.22727585588412938,0.1874486427887437,0.039827213095385706,272,21.816544265431897
Phishing,8,13,650,0.2265902486435774,0.1776357382342592,0.04895451040931821,239,26.38353733059778
Phishing,8,14,650,0.18459404539678112,0.14378823129534488,0.0408058141014362,240,22.104022297147388
Phishing,8,15,650,0.22771806148967752,0.18229909187984975,0.045418969609827796,247,25.249501651691777
Phishing,8,16,650,0.1773680120071787,0.1482559353183677,0.029112076688811012,303,15.71616129003377
Phishing,8,17,650,0.14298830669695656,0.1153002358609723,0.027688070835984267,278,14.50352230491426
Phishing,8,18,650,0.22636373479379507,0.1851335798909613,0.041230154902833764,291,22.581370434239105
Phishing,8,19,650,0.1864606915722659,0.1517425424487666,0.03471814912349931,270,18.90091980769245
Phishing,16,0,650,0.16102295571925385,0.12114559948427375,0.039877356234980094,262,21.688702248150143
Phishing,16,1,650,0.1886443026727022,0.15127513566381337,0.03736916700888886,281,20.48742696284492
Phishing,16,2,650,0.21521296014333022,0.1768580124826603,0.03835494766066993,264,21.06906182479454
Phishing,16,3,650,0.17310005410409793,0.13084359405262405,0.04225646005147387,249,23.319348777272147
Phishing,16,4,650,0.12858895846892643,0.10187385197078357,0.02671510649814288,290,14.161810398392827
Phishing,16,5,650,0.20469036143226058,0.16814562383490683,0.03654473759735373,266,20.07936173752757
Phishing,16,6,650,0.16435118560845996,0.12497505574569734,0.03937612986276263,252,21.093509467582162
Phishing,16,7,650,0.1348961608203747,0.10569675325645506,0.02919940756391968,290,15.300267095866428
Phishing,16,8,650,0.15967113706093414,0.12036874009448092,0.03930239696645322,252,21.572657992632248
Phishing,16,9,650,0.15282274782365587,0.12491176939024959,0.02791097843340632,320,14.881307195939776
Phishing,16,10,650,0.20112020775944633,0.15178098328473,0.04933922447471637,238,27.505161675821434
Phishing,16,11,650,0.1685355009577934,0.129827843274891,0.03870765768290242,257,21.26610103211903
Phishing,16,12,650,0.15903098125832554,0.12240197904388066,0.03662900221444491,266,19.94673025491211
Phishing,16,13,650,0.1877303248774102,0.1466994434383595,0.04103088143905067,264,22.574651427984954
Phishing,16,14,650,0.16736130084601267,0.1300825925089713,0.03727870833704133,265,20.617565681628598
Phishing,16,15,650,0.140689583958574,0.10791354289145993,0.03277604106711409,270,17.630138975397156
Phishing,16,16,650,0.1732756532854761,0.12976091096354625,0.04351474232192987,235,24.110727345628582
Phishing,16,17,650,0.12016529890902121,0.09374926931917894,0.026416029589842262,293,13.753020979203537
Phishing,16,18,650,0.15898240989764936,0.12134599709861194,0.03763641279903743,265,20.093149904329664
Phishing,16,19,650,0.1346982854634249,0.11522031054627989,0.019477974917145032,374,10.123756773377211
Phishing,16-8,0,650,0.17312729535746374,0.1385029313283924,0.03462436402907135,281,18.4952240945929
Phishing,16-8,1,650,0.18956296759747146,0.14279436150029173,0.04676860609717974,247,25.634176914872555
Phishing,16-8,2,650,0.17295705101625208,0.1363399356717814,0.036617115344470694,301,19.937911685841772
Phishing,16-8,3,650,0.229361960627425,0.19948631478106388,0.02987564584636109,298,16.054491576539647
Phishing,16-8,4,650,0.20376935271955807,0.17123965605678962,0.03252969666276847,297,17.0397741025185
Phishing,16-8,5,650,0.20064180245813837,0.16152444477278288,0.0391173576853555,294,21.37667217562587
Phishing,16-8,6,650,0.23604392995537488,0.21575915817697144,0.020284771778403404,362,9.442309764600887
Phishing,16-8,7,650,0.2649671918333507,0.23799788772899555,0.026969304104355152,337,13.845781776226112
Phishing,16-8,8,650,0.233999657020705,0.2088349286729045,0.025164728347800473,340,13.292710559820932
Phishing,16-8,9,650,0.2082682925458508,0.1839033611707711,0.024364931375079706,380,12.840463489281218
Phishing,16-8,10,650,0.2311026439652397,0.19152692923255096,0.039575714732688734,280,21.85957719616854
Phishing,16-8,11,650,0.2069918878596973,0.18117582845154606,0.025816059408151248,309,12.891825080505965
Phishing,16-8,12,650,0.19196200588715723,0.15550603684923306,0.036455969037924196,292,19.891767215578806
Phishing,16-8,13,650,0.23564409642490897,0.21198054561946986,0.02366355080543911,375,12.119270584873274
Phishing,16-8,14,650,0.18048579396583964,0.14058179958413664,0.03990399438170298,270,21.655005292720528
Phishing,16-8,15,650,0.19106430194535248,0.14664511687148896,0.0444191850738635,267,24.506385509767167
Phishing,16-8,16,650,0.17908977640749885,0.1336225463888637,0.045467230018635126,240,24.082971117550507
Phishing,16-8,17,650,0.1777886851555217,0.1284359228723991,0.04935276228312262,266,27.140019911735656
Phishing,16-8,18,650,0.21836979230453082,0.1953251428772833,0.0230446494272475,379,12.20386568376745
Phishing,16-8,19,650,0.22708624425089458,0.1898112052003014,0.03727503905059321,265,19.71881196792096
Bananas,8,0,4700,0.2476640788730704,0.2324913695880732,0.015172709284997268,830,54.24745045011743
Bananas,8,1,4700,0.27600863894948907,0.22403272500348667,0.0519759139460024,357,167.45620878720186
Bananas,8,2,4700,0.24620400499675987,0.24093245509985844,0.005271549896901434,1909,19.543762149713384
Bananas,8,3,4700,0.2766457266962116,0.23850322841374,0.03814249828247166,309,113.36882395228093
Bananas,8,4,4700,0.25281979193921184,0.23844383297907468,0.014375958960137195,1113,51.646202465847196
Bananas,8,5,4700,0.24439743217040283,0.22388326268430483,0.020514169486097935,693,79.69559837821986
Bananas,8,6,4700,0.26643389831210834,0.24303197558237105,0.023401922729737252,582,75.36008588159856
Bananas,8,7,4700,0.23993049834872654,0.23079246948907295,0.009138028859653622,1779,37.13181138678797
Bananas,8,8,4700,0.26398990030870917,0.24285858427472026,0.0211313160339889,510,66.37295913802473
Bananas,8,9,4700,0.2933786036982037,0.24481643361976674,0.04856217007843685,256,134.97737036131926
Bananas,8,10,4700,0.2590496969446932,0.23771765306734097,0.021332043877352286,381,64.74581644668989
Bananas,8,11,4700,0.24033295195034818,0.2293583953119608,0.01097455663838731,1039,45.59483849910674
Bananas,8,12,4700,0.25504834319406555,0.239466579044895,0.015581764149170483,911,61.31910404722576
Bananas,8,13,4700,0.23433603821209967,0.21717631725641584,0.017159720955683803,980,62.010147388556014
Bananas,8,14,4700,0.25100095005111683,0.23722254639687368,0.013778403654243177,934,47.129286166665324
Bananas,8,15,4700,0.2450997786098621,0.23322881602316664,0.011870962586695509,1128,48.205841548551064
Bananas,8,16,4700,0.24093316936606418,0.22622288376216151,0.014710285603902617,980,52.09124701731692
Bananas,8,17,4700,0.2350173057255363,0.2203235867612418,0.014693718964294493,1003,52.79965322492529
Bananas,8,18,4700,0.2519029921196385,0.23228701070626687,0.019615981413371664,772,76.9512285297486
Bananas,8,19,4700,0.24767594615961716,0.2275364670846871,0.020139479074930036,763,74.60856155227292
Bananas,16,0,4700,0.2500487823462073,0.22730338763830749,0.02274539470789983,852,85.30580309080635
Bananas,16,1,4700,0.25431420936058763,0.23272441243528583,0.021589796925301805,787,80.11650388353928
Bananas,16,2,4700,0.24145498939299848,0.22679782179253088,0.01465716760046752,1153,60.21634009841378
Bananas,16,3,4700,0.24659313749587639,0.23505705898256363,0.011536078513312727,1172,45.98987059337056
Bananas,16,4,4700,0.25186295484591825,0.22825944964504621,0.02360350520087205,566,84.36794087707271
Bananas,16,5,4700,0.25000050553786785,0.2354407339585867,0.014559771579281205,995,52.962872410853386
Bananas,16,6,4700,0.2576674341371509,0.24353048366519015,0.014136950471960678,958,57.54274267305722
Bananas,16,7,4700,0.24195299648946883,0.22438074956857024,0.01757224692089867,933,69.44517464061747
Bananas,16,8,4700,0.24462516063417664,0.2272151934334151,0.0174099672007616,1108,70.45723871312383
Bananas,16,9,4700,0.23580588810484757,0.22106574279542038,0.014740145309427242,1232,57.53421361196641
Bananas,16,10,4700,0.25001089856786823,0.24051578303870952,0.009495115529158759,1269,34.27885123560368
Bananas,16,11,4700,0.24491844711062308,0.2333565803215633,0.011561866789059712,1437,46.753309009365246
Bananas,16,12,4700,0.24049731405520405,0.22159467234651567,0.018902641708688377,1064,73.85725424730279
Bananas,16,13,4700,0.2627456382523374,0.2394904854029496,0.023255152849387825,777,84.5249581633178
Bananas,16,14,4700,0.2500537490083905,0.23208633203164472,0.017967416976745802,1069,70.20082043852419
Bananas,16,15,4700,0.24341712684280334,0.2320818969429375,0.011335229899865872,1363,46.36118014179105
Bananas,16,16,4700,0.24929794337660385,0.22910734533126695,0.020190598045336915,736,76.48339693100328
Bananas,16,17,4700,0.2518335429217985,0.23502171898364144,0.01681182393815713,1118,66.41811565375609
Bananas,16,18,4700,0.2485814954969971,0.23063357471916396,0.017947920777833182,806,70.18165266793508
Bananas,16,19,4700,0.2545556713020571,0.2358085224361809,0.018747148865876175,397,67.3600565986182
Bananas,16-8,0,4700,0.24868034627996047,0.2398643816319404,0.008815964648020116,1335,33.50336931310378
Bananas,16-8,1,4700,0.24673393183351447,0.23627997982262397,0.010453952010890524,889,38.306631262527944
Bananas,16-8,2,4700,0.2415672496589146,0.2112533707717544,0.030313878887160133,674,120.10071695098983
Bananas,16-8,3,4700,0.2428843886442962,0.21104531345171482,0.03183907519258131,703,127.00387354342799
Bananas,16-8,4,4700,0.26337187981928745,0.23385646603025895,0.029515413789028444,386,97.13914189227832
Bananas,16-8,5,4700,0.2512313009011457,0.24255339601155995,0.008677904889585725,895,27.036276700641967
Bananas,16-8,6,4700,0.24672519733581658,0.22518841293790207,0.02153678439791449,818,89.09338128738051
Bananas,16-8,7,4700,0.24285903921711297,0.21908680517931423,0.02377223403779869,963,90.94133484495286
Bananas,16-8,8,4700,0.24464030810792506,0.22547635071955,0.019163957388375126,1037,79.08106823728265
Bananas,16-8,9,4700,0.25051468943068833,0.22858023910706185,0.02193445032362641,767,86.06884471809977
Bananas,16-8,10,4700,0.2427959774001052,0.23340661215673403,0.00938936524337122,1356,33.73263679819221
Bananas,16-8,11,4700,0.24349049773799133,0.22185174724029544,0.021638750497695862,936,88.42749679469966
Bananas,16-8,12,4700,0.24489074729810048,0.2321094925112507,0.012781254786849756,1103,51.95624386375042
Bananas,16-8,13,4700,0.24621619598261116,0.23171102618515288,0.014505169797458249,1170,60.01803986195969
Bananas,16-8,14,4700,0.2431964218563666,0.22977658322859598,0.01341983862777062,1276,53.14442248207052
Bananas,16-8,15,4700,0.2510103607957699,0.22392090775547427,0.02708945304029562,761,106.72955589805332
Bananas,16-8,16,4700,0.24880836565277023,0.22349913497979113,0.02530923067297915,942,95.53347775849565
Bananas,16-8,17,4700,0.24830836780388293,0.232938843663648,0.015369524140234965,1125,57.632389964145254
Bananas,16-8,18,4700,0.2453890388990116,0.22748956000697249,0.017899478892039137,1094,72.94578194151693
Bananas,16-8,19,4700,0.26266256286632106,0.24468150099684868,0.01798106186947235,790,64.71772330877121
